level_0,index,duration_sec
0,0,623
2,3,554
3,4,752
4,6,301
5,7,335
6,8,657
7,9,1054
8,10,640
9,11,791
10,12,756
11,13,1037
12,14,895
13,15,991
14,16,957
15,17,1055
16,18,442
17,19,791
18,20,403
19,21,423
20,22,477
21,23,737
22,24,454
23,25,573
24,26,1013
25,27,213
26,28,1035
27,29,381
28,30,275
29,31,655
30,32,1166
31,33,860
32,34,227
33,35,1027
34,36,169
35,37,1236
36,38,235
37,39,240
38,40,200
39,41,277
40,42,226
41,43,196
42,44,220
43,45,256
44,46,274
45,47,262
46,48,205
47,49,195
48,50,188
49,51,202
50,52,280
51,53,190
52,54,193
53,55,187
54,56,224
55,57,249
56,58,193
57,59,184
58,60,231
59,61,173
60,62,244
61,63,187
62,64,219
63,65,212
64,66,219
65,67,233
66,68,201
67,69,206
68,70,760
69,71,218
70,72,200
71,73,198
72,74,158
73,75,220
74,76,203
75,77,201
76,78,187
77,79,294
78,80,238
79,81,267
80,82,226
81,83,183
82,84,160
83,85,189
84,86,212
85,87,224
86,88,347
87,89,483
88,90,307
89,91,281
90,92,295
91,93,553
92,94,1076
93,95,726
94,96,992
95,97,351
96,98,343
97,99,275
98,100,283
99,101,318
100,102,247
101,103,310
102,104,403
103,105,357
104,106,263
105,107,348
106,108,250
107,109,440
108,110,394
109,111,259
110,112,395
111,113,254
112,114,576
113,115,223
114,116,278
115,117,316
116,118,304
117,119,403
118,120,402
119,121,361
120,122,364
121,123,355
122,124,282
123,125,265
124,126,239
125,127,343
126,128,251
127,129,373
128,130,222
129,131,296
130,132,488
131,133,335
132,134,230
133,135,397
134,136,281
135,137,525
136,138,355
137,139,364
138,140,324
139,141,250
140,142,305
141,143,302
142,144,383
143,145,287
144,146,208
145,147,328
146,148,342
147,149,270
148,150,421
149,151,376
150,152,291
151,153,303
152,154,204
153,155,307
154,156,335
155,157,484
156,158,333
157,159,311
158,160,430
159,161,286
160,162,288
161,163,325
162,164,308
163,165,325
164,166,306
165,167,314
166,168,402
167,169,443
168,170,1212
169,171,692
170,172,884
171,173,1026
172,174,1033
173,175,966
174,176,1091
175,177,1246
176,178,1493
177,179,686
178,180,722
179,181,1043
180,182,503
181,183,487
182,184,585
183,185,564
184,186,1010
185,187,419
186,188,440
187,189,738
188,190,1005
189,191,592
190,192,545
191,193,553
192,194,562
193,195,766
194,196,623
195,197,388
196,198,416
197,199,1457
198,200,634
199,201,692
200,202,491
201,203,287
202,204,469
203,205,350
204,206,563
205,207,336
206,208,583
207,209,270
208,210,236
209,211,267
210,212,422
211,213,197
212,214,325
213,215,412
214,216,325
215,217,283
216,218,685
217,219,1024
218,220,1016
219,221,961
220,222,759
221,223,775
222,224,773
223,225,648
224,226,184
225,227,146
226,228,219
227,229,217
228,230,223
229,231,258
230,232,189
231,233,263
232,234,207
233,235,222
234,236,390
235,237,196
236,238,106
237,239,1501
238,240,623
239,241,1105
240,242,672
241,243,541
242,244,739
243,245,595
244,246,799
245,247,968
246,248,896
247,249,987
248,250,722
249,251,583
250,252,690
251,253,525
252,254,461
253,255,217
254,256,636
255,257,830
256,258,1530
257,259,556
258,260,966
259,261,642
260,262,941
261,263,328
262,264,375
263,265,411
264,266,598
265,267,1048
266,268,307
267,269,582
268,270,490
269,271,301
270,272,457
271,273,446
272,274,569
273,275,128
274,276,101
275,277,111
276,278,139
277,279,125
278,280,182
279,281,98
280,282,130
281,283,358
282,284,593
283,285,227
284,286,431
285,287,282
286,288,557
287,289,346
288,290,441
289,291,922
290,292,513
291,293,626
292,294,684
293,295,755
294,296,1027
295,297,292
296,298,355
297,299,342
298,300,432
299,301,455
300,302,806
301,303,514
302,304,401
303,305,702
304,306,797
305,307,1066
306,308,803
307,309,1305
308,310,788
309,311,990
310,312,821
311,313,1333
312,314,886
313,315,553
314,316,574
315,317,926
316,318,678
317,319,731
318,320,556
319,321,732
320,322,809
321,323,406
322,324,379
323,325,1038
324,326,455
325,327,497
326,328,869
327,329,696
328,330,354
329,331,511
330,332,336
331,333,780
332,334,522
333,335,488
334,336,555
335,337,283
336,338,824
337,339,321
338,340,398
339,341,990
340,342,446
341,343,362
342,344,277
343,345,270
344,346,1094
345,347,678
346,348,791
347,349,774
348,350,1014
349,351,1394
350,352,970
351,353,938
352,354,118
353,355,451
354,356,93
355,357,169
356,358,132
357,359,245
358,360,278
359,361,978
360,362,1026
361,363,962
362,364,1161
363,365,1010
364,366,1188
365,367,1027
366,368,984
367,369,962
368,370,905
369,371,1084
370,372,1076
371,373,926
372,374,1082
373,375,374
374,376,497
375,377,511
376,378,562
377,379,604
378,380,581
379,381,577
380,382,518
381,383,715
382,384,565
383,385,577
384,386,541
385,387,475
386,388,652
387,389,450
388,390,815
389,391,698
390,392,764
391,393,844
392,394,1091
393,395,222
394,396,100
395,397,225
396,398,179
397,399,161
398,400,1251
399,401,782
400,402,923
401,403,1227
402,404,654
403,405,1001
404,406,693
405,407,416
406,408,1002
407,409,238
408,410,208
409,411,334
410,412,378
411,413,328
412,414,500
413,415,657
414,416,569
415,417,415
416,418,526
417,419,442
418,420,351
419,421,472
420,422,1340
421,423,291
422,424,267
423,425,233
424,426,494
425,427,447
426,428,863
427,429,787
428,430,827
429,431,260
430,432,307
431,433,310
432,434,325
433,435,235
434,436,259
435,437,275
436,438,878
437,439,883
438,440,996
439,441,1082
440,442,936
441,443,360
442,444,496
443,445,1518
444,446,561
445,447,569
446,448,701
447,449,605
448,450,818
449,451,793
450,452,233
451,453,199
452,454,237
453,455,257
454,456,326
455,457,432
456,458,180
457,459,243
458,460,221
459,461,254
460,462,245
461,463,322
462,464,295
463,465,233
464,466,253
465,467,211
466,468,236
467,469,454
468,470,499
469,471,260
470,472,238
471,473,318
472,474,373
473,475,975
474,476,965
475,477,534
476,478,950
477,479,1100
478,480,485
479,481,523
480,482,653
481,483,872
482,484,646
483,485,895
484,486,733
485,487,695
486,488,617
487,489,647
488,490,755
489,491,733
490,492,698
491,493,667
492,494,1076
493,495,676
494,496,472
495,497,1128
496,498,746
497,499,680
498,500,429
499,501,333
500,502,661
501,503,843
502,504,787
503,505,650
504,506,769
505,507,268
506,508,244
507,509,289
508,510,254
509,511,236
510,512,218
511,513,240
512,514,254
513,515,303
514,516,789
515,517,262
516,518,445
517,519,232
518,520,295
519,521,320
520,522,341
521,523,567
522,524,569
523,525,623
524,526,666
525,527,737
526,528,713
527,529,461
528,530,911
529,531,533
530,532,464
531,533,450
532,534,448
533,535,464
534,536,321
535,537,398
536,538,488
537,539,377
538,540,587
539,541,438
540,542,482
541,543,391
542,544,384
543,545,597
544,546,508
545,547,655
546,548,413
547,549,561
548,550,397
549,551,462
550,552,419
551,553,1455
552,554,648
553,555,743
554,556,398
555,557,442
556,558,520
557,559,407
558,560,1178
559,561,1164
560,562,1086
561,563,1103
562,564,1299
563,565,268
564,566,356
565,567,428
566,568,373
567,569,458
568,570,448
569,571,531
570,572,608
571,573,438
572,574,380
573,575,351
574,576,429
575,577,380
576,578,714
577,579,605
578,580,556
579,581,579
580,582,652
581,583,677
582,584,831
583,585,1012
584,586,1011
585,587,922
586,588,834
587,589,1129
588,590,1130
589,591,1142
590,592,1281
591,593,1215
592,594,973
593,595,468
594,596,535
595,597,462
596,598,441
597,599,506
598,600,417
599,601,322
600,602,235
601,603,532
602,604,265
603,605,1553
604,606,1160
605,607,1280
606,608,375
607,609,474
608,610,846
609,611,516
610,612,822
611,613,608
612,614,488
613,615,709
614,616,480
615,617,1042
616,618,347
617,619,540
618,620,501
619,621,428
620,622,272
621,623,474
622,624,588
623,625,590
624,626,512
625,627,790
626,628,619
627,629,1107
628,630,747
629,631,875
630,632,172
631,633,491
632,634,261
633,635,180
634,636,1068
635,637,1151
636,638,183
637,639,600
638,640,329
639,641,412
640,642,498
641,643,290
642,644,561
643,645,247
644,646,342
645,647,576
646,648,340
647,649,569
648,650,489
649,651,571
650,652,899
651,653,810
652,654,439
653,655,402
654,656,387
655,657,420
656,658,518
657,659,454
658,660,864
659,661,528
660,662,731
661,663,968
662,664,475
663,665,697
664,666,1060
665,667,1266
666,668,640
667,669,1169
668,670,1067
669,671,880
670,672,953
671,673,630
672,674,465
673,675,512
674,676,385
675,677,422
676,678,391
677,679,307
678,680,391
679,681,447
680,682,382
681,683,427
682,684,430
683,685,414
684,686,401
685,687,472
686,688,254
687,689,419
688,690,521
689,691,528
690,692,345
691,693,296
692,694,284
693,695,315
694,696,1004
695,697,622
696,698,1279
697,699,720
698,700,687
699,701,799
700,702,322
701,703,322
702,704,566
703,705,1197
704,706,1021
705,707,1128
706,708,1148
707,709,847
708,710,1119
709,711,422
710,712,458
711,713,446
712,714,508
713,715,313
714,716,1196
715,717,479
716,718,954
717,719,893
718,720,856
719,721,895
720,722,868
721,723,1026
722,724,1072
723,725,446
724,726,221
725,727,388
726,728,982
727,729,254
728,730,443
729,731,448
730,732,347
731,733,409
732,734,527
733,735,593
734,736,199
735,737,151
736,738,175
737,739,354
738,740,417
739,741,416
740,742,335
741,743,493
742,744,215
743,745,252
744,746,466
745,747,338
746,748,373
747,749,347
748,750,383
749,751,645
750,752,427
751,753,325
752,754,316
753,755,359
754,756,376
755,757,338
756,758,214
757,759,521
758,760,394
759,761,361
760,762,533
761,763,743
762,764,563
763,765,960
764,766,607
765,767,660
766,768,683
767,769,731
768,770,679
769,771,127
770,772,195
771,773,201
772,774,153
773,775,219
774,776,169
775,777,150
776,778,171
777,779,153
778,780,187
779,781,141
780,782,167
781,783,211
782,784,144
783,785,775
784,786,953
785,787,912
786,788,825
787,789,892
788,790,823
789,791,664
790,792,839
791,793,806
792,794,717
793,795,884
794,796,875
795,797,802
796,798,670
797,799,1022
798,800,637
799,801,1020
800,802,604
801,803,707
802,804,714
803,805,474
804,806,673
805,807,616
806,808,562
807,809,689
808,810,162
809,811,251
810,812,139
811,813,232
812,814,574
813,815,755
814,816,790
815,817,458
816,818,222
817,819,1125
818,820,756
819,821,495
820,822,634
821,823,999
822,824,988
823,825,878
824,826,780
825,827,721
826,828,702
827,829,809
828,830,676
829,831,433
830,832,413
831,833,635
832,834,719
833,835,497
834,836,651
835,837,481
836,838,489
837,839,931
838,840,659
839,841,584
840,842,791
841,843,1388
842,844,543
843,845,500
844,846,642
845,847,105
846,848,145
847,849,117
848,850,1077
849,851,684
850,852,745
851,853,733
852,854,750
853,855,580
854,856,659
855,857,551
856,858,760
857,859,1189
858,860,680
859,861,686
860,862,690
861,863,876
862,864,979
863,865,578
864,866,645
865,867,749
866,868,635
867,869,688
868,870,556
869,871,611
870,872,548
871,873,704
872,874,602
873,875,655
874,876,672
875,877,592
876,878,616
877,879,605
878,880,574
879,881,601
880,882,704
881,883,611
882,884,600
883,885,540
884,886,883
885,887,532
886,888,597
887,889,706
888,890,840
889,891,650
890,892,593
891,893,712
892,894,600
893,895,613
894,896,590
895,897,806
896,898,914
897,899,583
898,900,867
899,901,821
900,902,649
901,903,260
902,904,941
903,905,674
904,906,368
905,907,221
906,908,294
907,909,292
908,910,622
909,911,946
910,912,540
911,913,613
912,914,666
913,915,682
914,916,618
915,917,1285
916,918,1087
917,919,1249
918,920,1082
919,921,976
920,922,765
921,923,887
922,924,1012
923,925,1274
924,926,1281
925,927,581
926,928,633
927,929,517
928,930,581
929,931,710
930,932,660
931,933,524
932,934,627
933,935,587
934,936,456
935,937,519
936,938,517
937,939,474
938,940,470
939,941,351
940,942,394
941,943,589
942,944,370
943,945,342
944,946,465
945,947,488
946,948,396
947,949,724
948,950,777
949,951,520
950,952,351
951,953,382
952,954,565
953,955,347
954,956,876
955,957,503
956,958,575
957,959,893
958,960,636
959,961,648
960,962,550
961,963,583
962,964,644
963,965,599
964,966,434
965,967,549
966,968,537
967,969,601
968,970,243
969,971,236
970,972,176
971,973,814
972,974,224
973,975,212
974,976,165
975,977,298
976,978,164
977,979,250
978,980,394
979,981,261
980,982,343
981,983,189
982,984,249
983,985,549
984,986,233
985,987,232
986,988,226
987,989,219
988,990,186
989,991,227
990,992,1429
991,993,226
992,994,235
993,995,193
994,996,221
995,997,226
996,998,260
997,999,195
998,1000,1414
999,1001,1377
1000,1002,722
1001,1003,475
1002,1004,528
1003,1005,1425
1004,1006,681
1005,1007,754
1006,1008,972
1007,1009,1122
1008,1010,975
1009,1011,1400
1010,1012,1334
1011,1013,1343
1012,1014,1332
1013,1015,473
1014,1016,442
1015,1017,501
1016,1018,531
1017,1019,742
1018,1020,684
1019,1021,597
1020,1022,629
1021,1023,1528
1022,1024,584
1023,1025,724
1024,1026,848
1025,1027,620
1026,1028,493
1027,1029,570
1028,1030,480
1029,1031,627
1030,1032,573
1031,1033,424
1032,1034,542
1033,1035,673
1034,1036,865
1035,1037,359
1036,1038,385
1037,1039,473
1038,1040,448
1039,1041,378
1040,1042,438
1041,1043,520
1042,1044,421
1043,1045,492
1044,1046,467
1045,1047,467
1046,1048,414
1047,1049,790
1048,1050,632
1049,1051,679
1050,1052,576
1051,1053,1398
1052,1054,946
1053,1055,278
1054,1056,223
1055,1057,289
1056,1058,510
1057,1059,396
1058,1060,270
1059,1061,357
1060,1062,305
1061,1063,280
1062,1064,382
1063,1065,806
1064,1066,310
1065,1067,257
1066,1068,281
1067,1069,453
1068,1070,327
1069,1071,384
1070,1072,690
1071,1073,264
1072,1074,343
1073,1075,207
1074,1076,363
1075,1077,279
1076,1078,285
1077,1079,262
1078,1080,302
1079,1081,274
1080,1082,357
1081,1083,243
1082,1084,318
1083,1085,301
1084,1086,412
1085,1087,330
1086,1088,306
1087,1089,828
1088,1090,715
1089,1091,574
1090,1092,657
1091,1093,366
1092,1094,272
1093,1095,568
1094,1096,729
1095,1097,323
1096,1098,1551
1097,1099,975
1098,1100,515
1099,1101,539
1100,1102,457
1101,1103,463
1102,1104,552
1103,1105,483
1104,1106,690
1105,1107,384
1106,1108,285
1107,1109,389
1108,1110,331
1109,1111,246
1110,1112,374
1111,1113,320
1112,1114,403
1113,1115,1444
1114,1116,548
1115,1117,280
1116,1118,857
1117,1119,1086
1118,1120,1088
1119,1121,931
1120,1122,892
1121,1123,737
1122,1124,382
1123,1125,430
1124,1126,384
1125,1127,683
1126,1128,411
1127,1129,490
1128,1130,363
1129,1131,396
1130,1132,623
1131,1133,448
1132,1134,487
1133,1135,507
1134,1136,416
1135,1137,719
1136,1138,259
1137,1139,249
1138,1140,318
1139,1141,772
1140,1142,1115
1141,1143,665
1142,1144,601
1143,1145,1361
1144,1146,580
1145,1147,549
1146,1148,561
1147,1149,758
1148,1150,451
1149,1151,515
1150,1152,547
1151,1153,750
1152,1154,518
1153,1155,719
1154,1156,532
1155,1157,460
1156,1158,711
1157,1159,576
1158,1160,748
1159,1161,823
1160,1162,73
1161,1163,107
1162,1164,565
1163,1165,895
1164,1166,623
1165,1167,534
1166,1168,446
1167,1169,376
1168,1170,486
1169,1171,347
1170,1172,239
1171,1173,718
1172,1174,337
1173,1175,351
1174,1176,356
1175,1177,385
1176,1178,163
1177,1179,325
1178,1180,184
1179,1181,492
1180,1182,541
1181,1183,220
1182,1184,262
1183,1185,757
1184,1186,527
1185,1187,247
1186,1188,401
1187,1189,244
1188,1190,284
1189,1191,234
1190,1192,247
1191,1193,224
1192,1194,423
1193,1195,387
1194,1196,458
1195,1197,383
1196,1198,1237
1197,1199,498
1198,1200,623
1199,1201,310
1200,1202,348
1201,1203,430
1202,1204,374
1203,1205,746
1204,1206,1434
1205,1207,560
1206,1208,597
1207,1209,1391
1208,1210,808
1209,1211,1061
1210,1212,1285
1211,1213,1405
1212,1214,602
1213,1215,419
1214,1216,416
1215,1217,797
1216,1218,772
1217,1219,514
1218,1220,700
1219,1221,959
1220,1222,701
1221,1223,1050
1222,1224,780
1223,1225,699
1224,1226,608
1225,1227,733
1226,1228,760
1227,1229,561
1228,1230,590
1229,1231,594
1230,1232,635
1231,1233,952
1232,1234,1517
1233,1235,745
1234,1236,1367
1235,1237,702
1236,1238,492
1237,1239,1125
1238,1240,464
1239,1241,354
1240,1242,513
1241,1243,552
1242,1244,763
1243,1245,819
1244,1246,1353
1245,1247,842
1246,1248,833
1247,1249,532
1248,1250,370
1249,1251,218
1250,1252,211
1251,1253,234
1252,1254,363
1253,1255,167
1254,1256,161
1255,1257,251
1256,1258,223
1257,1259,286
1258,1260,199
1259,1261,227
1260,1262,224
1261,1263,190
1262,1264,158
1263,1265,150
1264,1266,239
1265,1267,167
1266,1268,153
1267,1269,247
1268,1270,142
1269,1271,187
1270,1272,176
1271,1273,202
1272,1274,222
1273,1275,333
1274,1276,197
1275,1277,158
1276,1278,143
1277,1279,206
1278,1280,287
1279,1281,171
1280,1282,269
1281,1283,258
1282,1284,263
1283,1285,156
1284,1286,283
1285,1287,262
1286,1288,281
1287,1289,198
1288,1290,187
1289,1291,332
1290,1292,196
1291,1293,485
1292,1294,1153
1293,1295,463
1294,1296,625
1295,1297,331
1296,1298,175
1297,1299,155
1298,1300,1000
1299,1301,172
1300,1302,182
1301,1303,251
1302,1304,277
1303,1305,169
1304,1306,166
1305,1307,684
1306,1308,520
1307,1309,393
1308,1310,455
1309,1311,304
1310,1312,249
1311,1313,213
1312,1314,195
1313,1315,389
1314,1316,327
1315,1317,283
1316,1318,797
1317,1319,420
1318,1320,733
1319,1321,426
1320,1322,653
1321,1323,565
1322,1324,548
1323,1325,683
1324,1326,678
1325,1327,630
1326,1328,581
1327,1329,595
1328,1330,918
1329,1331,1182
1330,1332,1028
1331,1333,637
1332,1334,922
1333,1335,794
1334,1336,1142
1335,1337,994
1336,1338,955
1337,1339,878
1338,1340,858
1339,1341,963
1340,1342,963
1341,1343,833
1342,1344,1068
1343,1345,718
1344,1346,546
1345,1347,653
1346,1348,564
1347,1349,545
1348,1350,723
1349,1351,1084
1350,1352,1305
1351,1353,1034
1352,1354,847
1353,1355,1175
1354,1356,1365
1355,1357,1258
1356,1358,553
1357,1359,719
1358,1360,328
1359,1361,928
1360,1362,552
1361,1363,580
1362,1364,776
1363,1365,671
1364,1366,838
1365,1367,623
1366,1368,693
1367,1369,230
1368,1370,246
1369,1371,248
1370,1372,361
1371,1373,270
1372,1374,450
1373,1375,923
1374,1376,1322
1375,1377,1238
1376,1378,828
1377,1379,1020
1378,1380,1302
1379,1381,1404
1380,1382,885
1381,1383,1147
1382,1384,498
1383,1385,529
1384,1386,340
1385,1387,777
1386,1388,436
1387,1389,739
1388,1390,176
1389,1391,145
1390,1392,199
1391,1393,342
1392,1394,374
1393,1395,1381
1394,1396,1167
1395,1397,461
1396,1398,674
1397,1399,267
1398,1400,233
1399,1401,295
1400,1402,263
1401,1403,274
1402,1404,481
1403,1405,579
1404,1406,375
1405,1407,669
1406,1408,750
1407,1409,787
1408,1410,817
1409,1411,407
1410,1412,700
1411,1413,267
1412,1414,905
1413,1415,582
1414,1416,821
1415,1417,712
1416,1418,510
1417,1419,718
1418,1420,597
1419,1421,600
1420,1422,324
1421,1423,392
1422,1424,581
1423,1425,1088
1424,1426,1055
1425,1427,993
1426,1428,952
1427,1429,664
1428,1430,825
1429,1431,675
1430,1432,465
1431,1433,1031
1432,1434,976
1433,1435,1154
1434,1436,1164
1435,1437,1520
1436,1438,709
1437,1439,637
1438,1440,858
1439,1441,454
1440,1442,300
1441,1443,505
1442,1444,449
1443,1445,412
1444,1446,419
1445,1447,361
1446,1448,536
1447,1449,427
1448,1450,618
1449,1451,245
1450,1452,785
1451,1453,810
1452,1454,253
1453,1455,330
1454,1456,258
1455,1457,197
1456,1458,573
1457,1459,169
1458,1460,190
1459,1461,315
1460,1462,666
1461,1463,196
1462,1464,258
1463,1465,174
1464,1466,320
1465,1467,273
1466,1468,207
1467,1469,833
1468,1470,211
1469,1471,141
1470,1472,298
1471,1473,385
1472,1474,870
1473,1475,333
1474,1476,237
1475,1477,1218
1476,1478,943
1477,1479,283
1478,1480,280
1479,1481,860
1480,1482,924
1481,1483,1150
1482,1484,1525
1483,1485,923
1484,1486,1548
1485,1487,792
1486,1488,891
1487,1489,531
1488,1490,1103
1489,1491,1080
1490,1492,1090
1491,1493,1339
1492,1494,908
1493,1495,972
1494,1496,1025
1495,1497,597
1496,1498,674
1497,1499,801
1498,1500,837
1499,1501,713
1500,1502,863
1501,1503,947
1502,1504,1348
1503,1505,280
1504,1506,352
1505,1507,401
1506,1508,184
1507,1509,245
1508,1510,407
1509,1511,759
1510,1512,509
1511,1513,475
1512,1514,894
1513,1515,893
1514,1516,898
1515,1517,875
1516,1518,879
1517,1519,836
1518,1520,860
1519,1521,741
1520,1522,845
1521,1523,845
1522,1524,968
1523,1525,1038
1524,1526,978
1525,1527,783
1526,1528,1030
1527,1529,1030
1528,1530,742
1529,1531,660
1530,1532,848
1531,1533,337
1532,1534,218
1533,1535,366
1534,1536,463
1535,1537,1026
1536,1538,836
1537,1539,889
1538,1540,766
1539,1541,746
1540,1542,903
1541,1543,723
1542,1544,766
1543,1545,428
1544,1546,1398
1545,1547,471
1546,1548,774
1547,1549,537
1548,1550,922
1549,1551,768
1550,1552,113
1551,1553,131
1552,1554,162
1553,1555,352
1554,1556,303
1555,1557,460
1556,1558,392
1557,1559,427
1558,1560,370
1559,1561,598
1560,1562,483
1561,1563,457
1562,1564,665
1563,1565,938
1564,1566,807
1565,1567,634
1566,1568,818
1567,1569,410
1568,1570,532
1569,1571,516
1570,1572,324
1571,1573,452
1572,1574,329
1573,1575,259
1574,1576,347
1575,1577,350
1576,1578,357
1577,1579,372
1578,1580,325
1579,1581,346
1580,1582,502
1581,1583,147
1582,1584,900
1583,1585,329
1584,1586,350
1585,1587,325
1586,1588,271
1587,1589,145
1588,1590,382
1589,1591,367
1590,1592,385
1591,1593,445
1592,1594,497
1593,1595,689
1594,1596,294
1595,1597,325
1596,1598,311
1597,1599,398
1598,1600,303
1599,1601,340
1600,1602,282
1601,1603,362
1602,1604,348
1603,1605,436
1604,1606,306
1605,1607,306
1606,1608,302
1607,1609,375
1608,1610,133
1609,1611,616
1610,1612,166
1611,1613,126
1612,1614,456
1613,1615,157
1614,1616,148
1615,1617,118
1616,1618,166
1617,1619,121
1618,1620,134
1619,1621,170
1620,1622,183
1621,1623,127
1622,1624,201
1623,1625,331
1624,1626,416
1625,1627,314
1626,1628,429
1627,1629,343
1628,1630,528
1629,1631,408
1630,1632,656
1631,1633,1156
1632,1634,1195
1633,1635,927
1634,1636,776
1635,1637,338
1636,1638,270
1637,1639,274
1638,1640,728
1639,1641,1113
1640,1642,517
1641,1643,192
1642,1644,387
1643,1645,397
1644,1646,935
1645,1647,740
1646,1648,458
1647,1649,353
1648,1650,203
1649,1651,476
1650,1652,197
1651,1653,229
1652,1654,271
1653,1655,300
1654,1656,265
1655,1657,265
1656,1658,266
1657,1659,213
1658,1660,976
1659,1661,266
1660,1662,533
1661,1663,222
1662,1664,346
1663,1665,275
1664,1666,264
1665,1667,274
1666,1668,249
1667,1669,363
1668,1670,290
1669,1671,287
1670,1672,1064
1671,1673,201
1672,1674,210
1673,1675,240
1674,1676,208
1675,1677,187
1676,1678,202
1677,1679,207
1678,1680,242
1679,1681,220
1680,1682,317
1681,1683,172
1682,1684,299
1683,1685,241
1684,1686,352
1685,1687,296
1686,1688,314
1687,1689,277
1688,1690,303
1689,1691,315
1690,1692,305
1691,1693,416
1692,1694,626
1693,1695,593
1694,1696,492
1695,1697,886
1696,1698,598
1697,1699,571
1698,1700,900
1699,1701,560
1700,1702,563
1701,1703,479
1702,1704,571
1703,1705,340
1704,1706,336
1705,1707,279
1706,1708,260
1707,1709,406
1708,1710,248
1709,1711,300
1710,1712,324
1711,1713,330
1712,1714,401
1713,1715,204
1714,1716,452
1715,1717,1542
1716,1718,362
1717,1719,1179
1718,1720,515
1719,1721,474
1720,1722,432
1721,1723,466
1722,1724,699
1723,1725,519
1724,1726,446
1725,1727,667
1726,1728,486
1727,1729,435
1728,1730,460
1729,1731,489
1730,1732,421
1731,1733,473
1732,1734,488
1733,1735,464
1734,1736,514
1735,1737,567
1736,1738,547
1737,1739,421
1738,1740,473
1739,1741,556
1740,1742,266
1741,1743,427
1742,1744,557
1743,1745,371
1744,1746,301
1745,1747,272
1746,1748,975
1747,1749,444
1748,1750,870
1749,1751,667
1750,1752,724
1751,1753,1154
1752,1754,1289
1753,1755,1304
1754,1756,494
1755,1757,456
1756,1758,395
1757,1759,297
1758,1760,310
1759,1761,341
1760,1762,286
1761,1763,401
1762,1764,499
1763,1765,1049
1764,1766,317
1765,1767,209
1766,1768,258
1767,1769,290
1768,1770,271
1769,1771,265
1770,1772,303
1771,1773,300
1772,1774,289
1773,1775,157
1774,1776,244
1775,1777,180
1776,1778,251
1777,1779,251
1778,1780,294
1779,1781,316
1780,1782,226
1781,1783,207
1782,1784,224
1783,1785,288
1784,1786,98
1785,1787,156
1786,1788,106
1787,1789,336
1788,1790,422
1789,1791,437
1790,1792,390
1791,1793,345
1792,1794,485
1793,1795,342
1794,1796,281
1795,1797,381
1796,1798,974
1797,1799,304
1798,1800,377
1799,1801,337
1800,1802,413
1801,1803,397
1802,1804,308
1803,1805,462
1804,1806,377
1805,1807,362
1806,1808,151
1807,1809,200
1808,1810,116
1809,1811,392
1810,1812,581
1811,1813,346
1812,1814,352
1813,1815,1071
1814,1816,348
1815,1817,411
1816,1818,557
1817,1819,492
1818,1820,514
1819,1821,698
1820,1822,860
1821,1823,833
1822,1824,1026
1823,1825,816
1824,1826,814
1825,1827,960
1826,1828,747
1827,1829,764
1828,1830,571
1829,1831,1293
1830,1832,1465
1831,1833,628
1832,1834,544
1833,1835,325
1834,1836,482
1835,1837,360
1836,1838,463
1837,1839,283
1838,1840,414
1839,1841,490
1840,1842,593
1841,1843,809
1842,1844,840
1843,1845,296
1844,1846,1026
1845,1847,731
1846,1848,818
1847,1849,557
1848,1850,391
1849,1851,379
1850,1852,797
1851,1853,1433
1852,1854,890
1853,1855,656
1854,1856,669
1855,1857,1008
1856,1858,256
1857,1859,178
1858,1860,203
1859,1861,201
1860,1862,220
1861,1863,218
1862,1864,209
1863,1865,211
1864,1866,223
1865,1867,370
1866,1868,210
1867,1869,230
1868,1870,333
1869,1871,357
1870,1872,377
1871,1873,336
1872,1874,396
1873,1875,406
1874,1876,430
1875,1877,457
1876,1878,427
1877,1879,433
1878,1880,501
1879,1881,320
1880,1882,234
1881,1883,251
1882,1884,288
1883,1885,221
1884,1886,565
1885,1887,446
1886,1888,307
1887,1889,380
1888,1890,208
1889,1891,237
1890,1892,305
1891,1893,270
1892,1894,417
1893,1895,293
1894,1896,326
1895,1897,569
1896,1898,1425
1897,1899,447
1898,1900,575
1899,1901,993
1900,1902,194
1901,1903,384
1902,1904,200
1903,1905,438
1904,1906,220
1905,1907,277
1906,1908,191
1907,1909,259
1908,1910,255
1909,1911,214
1910,1912,241
1911,1913,224
1912,1914,401
1913,1915,341
1914,1916,417
1915,1917,376
1916,1918,380
1917,1919,381
1918,1920,354
1919,1921,460
1920,1922,500
1921,1923,297
1922,1924,354
1923,1925,739
1924,1926,711
1925,1927,1331
1926,1928,1189
1927,1929,670
1928,1930,506
1929,1931,597
1930,1932,574
1931,1933,475
1932,1934,978
1933,1935,458
1934,1936,591
1935,1937,511
1936,1938,839
1937,1939,410
1938,1940,485
1939,1941,326
1940,1942,374
1941,1943,361
1942,1944,437
1943,1945,447
1944,1946,466
1945,1947,844
1946,1948,490
1947,1949,319
1948,1950,287
1949,1951,372
1950,1952,358
1951,1953,233
1952,1954,673
1953,1955,703
1954,1956,343
1955,1957,526
1956,1958,633
1957,1959,771
1958,1960,260
1959,1961,848
1960,1962,246
1961,1963,732
1962,1964,453
1963,1965,666
1964,1966,325
1965,1967,265
1966,1968,307
1967,1969,364
1968,1970,242
1969,1971,245
1970,1972,269
1971,1973,219
1972,1974,306
1973,1975,220
1974,1976,252
1975,1977,263
1976,1978,357
1977,1979,429
1978,1980,181
1979,1981,266
1980,1982,219
1981,1983,205
1982,1984,236
1983,1985,223
1984,1986,282
1985,1987,326
1986,1988,246
1987,1989,241
1988,1990,237
1989,1991,692
1990,1992,201
1991,1993,209
1992,1994,158
1993,1995,171
1994,1996,207
1995,1997,208
1996,1998,190
1997,1999,210
1998,2000,155
1999,2001,194
2000,2002,183
2001,2003,266
2002,2004,182
2003,2005,199
2004,2006,203
2005,2007,165
2006,2008,421
2007,2009,267
2008,2010,200
2009,2011,204
2010,2012,570
2011,2013,645
2012,2014,399
2013,2015,466
2014,2016,436
2015,2017,947
2016,2018,355
2017,2019,773
2018,2020,1379
2019,2021,711
2020,2022,845
2021,2023,490
2022,2024,607
2023,2025,551
2024,2026,507
2025,2027,522
2026,2028,530
2027,2029,1110
2028,2030,1071
2029,2031,441
2030,2032,338
2031,2033,285
2032,2034,572
2033,2035,809
2034,2036,301
2035,2037,424
2036,2038,504
2037,2039,528
2038,2040,537
2039,2041,421
2040,2042,464
2041,2043,650
2042,2044,466
2043,2045,856
2044,2046,545
2045,2047,480
2046,2048,1242
2047,2049,348
2048,2050,370
2049,2051,258
2050,2052,249
2051,2053,227
2052,2054,269
2053,2055,258
2054,2056,478
2055,2057,422
2056,2058,246
2057,2059,347
2058,2060,600
2059,2061,294
2060,2062,705
2061,2063,1283
2062,2064,905
2063,2065,719
2064,2066,869
2065,2067,676
2066,2068,842
2067,2069,738
2068,2070,196
2069,2071,234
2070,2072,212
2071,2073,187
2072,2074,267
2073,2075,280
2074,2076,266
2075,2077,232
2076,2078,216
2077,2079,245
2078,2080,207
2079,2081,247
2080,2082,315
2081,2083,284
2082,2084,309
2083,2085,386
2084,2086,281
2085,2087,319
2086,2088,348
2087,2089,444
2088,2090,566
2089,2091,373
2090,2092,360
2091,2093,358
2092,2094,313
2093,2095,390
2094,2096,324
2095,2097,373
2096,2098,437
2097,2099,453
2098,2100,560
2099,2101,357
2100,2102,457
2101,2103,463
2102,2104,88
2103,2105,702
2104,2106,236
2105,2107,180
2106,2108,211
2107,2109,244
2108,2110,244
2109,2111,701
2110,2112,914
2111,2113,1111
2112,2114,1178
2113,2115,1135
2114,2116,1215
2115,2117,706
2116,2118,1047
2117,2119,1363
2118,2120,1520
2119,2121,1370
2120,2122,928
2121,2123,1481
2122,2124,820
2123,2125,1394
2124,2126,688
2125,2127,837
2126,2128,201
2127,2129,224
2128,2130,201
2129,2131,162
2130,2132,183
2131,2133,210
2132,2134,795
2133,2135,938
2134,2136,896
2135,2137,621
2136,2138,655
2137,2139,529
2138,2140,1091
2139,2141,813
2140,2142,586
2141,2143,820
2142,2144,1318
2143,2145,831
2144,2146,803
2145,2147,596
2146,2148,690
2147,2149,438
2148,2150,212
2149,2151,232
2150,2152,275
2151,2153,571
2152,2154,511
2153,2155,506
2154,2156,268
2155,2157,279
2156,2158,384
2157,2159,276
2158,2160,277
2159,2161,508
2160,2162,490
2161,2163,421
2162,2164,418
2163,2165,443
2164,2166,436
2165,2167,435
2166,2168,425
2167,2169,457
2168,2170,1422
2169,2171,995
2170,2172,350
2171,2173,335
2172,2174,295
2173,2175,893
2174,2176,1337
2175,2177,922
2176,2178,834
2177,2179,1231
2178,2180,1328
2179,2181,120
2180,2182,81
2181,2183,86
2182,2184,156
2183,2185,852
2184,2186,719
2185,2187,293
2186,2188,317
2187,2189,252
2188,2190,606
2189,2191,755
2190,2192,694
2191,2193,996
2192,2194,380
2193,2195,240
2194,2196,203
2195,2197,220
2196,2198,229
2197,2199,231
2198,2200,1276
2199,2201,219
2200,2202,214
2201,2203,202
2202,2204,141
2203,2205,273
2204,2206,144
2205,2207,121
2206,2208,223
2207,2209,209
2208,2210,261
2209,2211,169
2210,2212,133
2211,2213,407
2212,2214,447
2213,2215,221
2214,2216,387
2215,2217,481
2216,2218,365
2217,2219,225
2218,2220,218
2219,2221,292
2220,2222,189
2221,2223,449
2222,2224,403
2223,2225,531
2224,2226,541
2225,2227,353
2226,2228,396
2227,2229,212
2228,2230,253
2229,2231,620
2230,2232,1240
2231,2233,289
2232,2234,361
2233,2235,251
2234,2236,224
2235,2237,881
2236,2238,1022
2237,2239,855
2238,2240,725
2239,2241,1067
2240,2242,610
2241,2243,694
2242,2244,629
2243,2245,562
2244,2246,851
2245,2247,1152
2246,2248,1486
2247,2249,928
2248,2250,998
2249,2251,872
2250,2252,762
2251,2253,705
2252,2254,657
2253,2255,1276
2254,2256,862
2255,2257,723
2256,2258,1259
2257,2259,770
2258,2260,894
2259,2261,912
2260,2262,226
2261,2263,1064
2262,2264,916
2263,2265,888
2264,2266,722
2265,2267,1120
2266,2268,418
2267,2269,417
2268,2270,400
2269,2271,614
2270,2272,627
2271,2273,596
2272,2274,705
2273,2275,692
2274,2276,645
2275,2277,513
2276,2278,175
2277,2279,171
2278,2280,152
2279,2281,94
2280,2282,170
2281,2283,977
2282,2284,180
2283,2285,387
2284,2286,614
2285,2287,380
2286,2288,866
2287,2289,810
2288,2290,795
2289,2291,874
2290,2292,1380
2291,2293,99
2292,2294,297
2293,2295,200
2294,2296,1064
2295,2297,407
2296,2298,468
2297,2299,1279
2298,2300,1156
2299,2301,983
2300,2302,356
2301,2303,1037
2302,2304,466
2303,2305,483
2304,2306,447
2305,2307,750
2306,2308,427
2307,2309,494
2308,2310,743
2309,2311,567
2310,2312,894
2311,2313,470
2312,2314,482
2313,2315,419
2314,2316,755
2315,2317,340
2316,2318,435
2317,2319,621
2318,2320,488
2319,2321,1337
2320,2322,758
2321,2323,691
2322,2324,943
2323,2325,1167
2324,2326,933
2325,2327,711
2326,2328,660
2327,2329,1264
2328,2330,397
2329,2331,464
2330,2332,484
2331,2333,1344
2332,2334,1096
2333,2335,495
2334,2336,474
2335,2337,428
2336,2338,594
2337,2339,904
2338,2340,810
2339,2341,442
2340,2342,1415
2341,2343,486
2342,2344,403
2343,2345,498
2344,2346,470
2345,2347,1364
2346,2348,1019
2347,2349,1343
2348,2350,942
2349,2351,742
2350,2352,564
2351,2353,578
2352,2354,653
2353,2355,340
2354,2356,617
2355,2357,441
2356,2358,422
2357,2359,336
2358,2360,440
2359,2361,377
2360,2362,393
2361,2363,386
2362,2364,741
2363,2365,892
2364,2366,1433
2365,2367,688
2366,2368,757
2367,2369,408
2368,2370,297
2369,2371,274
2370,2372,220
2371,2373,292
2372,2374,299
2373,2375,300
2374,2376,308
2375,2377,266
2376,2378,166
2377,2379,186
2378,2380,140
2379,2381,114
2380,2382,250
2381,2383,439
2382,2384,579
2383,2385,404
2384,2386,920
2385,2387,66
2386,2388,758
2387,2389,171
2388,2390,123
2389,2391,301
2390,2392,124
2391,2393,154
2392,2394,106
2393,2395,381
2394,2396,216
2395,2397,427
2396,2398,245
2397,2399,252
2398,2400,391
2399,2401,783
2400,2402,440
2401,2403,433
2402,2404,497
2403,2405,527
2404,2406,926
2405,2407,1284
2406,2408,887
2407,2409,1198
2408,2410,1332
2409,2411,617
2410,2412,627
2411,2413,1136
2412,2414,985
2413,2415,1145
2414,2416,1176
2415,2417,824
2416,2418,857
2417,2419,730
2418,2420,831
2419,2421,1415
2420,2422,1308
2421,2423,1250
2422,2424,1253
2423,2425,1450
2424,2426,695
2425,2427,642
2426,2428,657
2427,2429,873
2428,2430,690
2429,2431,555
2430,2432,1044
2431,2433,886
2432,2434,888
2433,2435,92
2434,2436,138
2435,2437,92
2436,2438,292
2437,2439,195
2438,2440,301
2439,2441,214
2440,2442,1372
2441,2443,195
2442,2444,227
2443,2445,242
2444,2446,1508
2445,2447,283
2446,2448,463
2447,2449,523
2448,2450,502
2449,2451,553
2450,2452,475
2451,2453,630
2452,2454,628
2453,2455,692
2454,2456,1462
2455,2457,1084
2456,2458,1063
2457,2459,499
2458,2460,817
2459,2461,522
2460,2462,469
2461,2463,780
2462,2464,674
2463,2465,546
2464,2466,592
2465,2467,225
2466,2468,174
2467,2469,271
2468,2470,250
2469,2471,263
2470,2472,153
2471,2473,220
2472,2474,570
2473,2475,505
2474,2476,343
2475,2477,590
2476,2478,666
2477,2479,360
2478,2480,296
2479,2481,1117
2480,2482,1111
2481,2483,358
2482,2484,1099
2483,2485,735
2484,2486,1107
2485,2487,827
2486,2488,1236
2487,2489,1205
2488,2490,1015
2489,2491,610
2490,2492,686
2491,2493,726
2492,2494,875
2493,2495,765
2494,2496,697
2495,2497,647
2496,2498,358
2497,2499,820
2498,2500,549
2499,2501,1276
2500,2502,969
2501,2503,952
2502,2504,773
2503,2505,280
2504,2506,241
2505,2507,148
2506,2508,179
2507,2509,119
2508,2510,166
2509,2511,156
2510,2512,118
2511,2513,924
2512,2514,655
2513,2515,250
2514,2516,410
2515,2517,1367
2516,2518,390
2517,2519,368
2518,2520,482
2519,2521,354
2520,2522,355
2521,2523,437
2522,2524,959
2523,2525,399
2524,2526,435
2525,2527,577
2526,2528,521
2527,2529,1081
2528,2530,1365
2529,2531,957
2530,2532,500
2531,2533,431
2532,2534,523
2533,2535,860
2534,2536,460
2535,2537,571
2536,2538,221
2537,2539,451
2538,2540,224
2539,2541,224
2540,2542,220
2541,2543,116
2542,2544,104
2543,2545,130
2544,2546,209
2545,2547,197
2546,2548,628
2547,2549,222
2548,2550,190
2549,2551,203
2550,2552,220
2551,2553,674
2552,2554,420
2553,2555,1358
2554,2556,199
2555,2557,84
2556,2558,111
2557,2559,293
2558,2560,152
2559,2561,209
2560,2562,488
2561,2563,1465
2562,2564,372
2563,2565,99
2564,2566,838
2565,2567,1416
2566,2568,99
2567,2569,243
2568,2570,188
2569,2571,391
2570,2572,282
2571,2573,396
2572,2574,196
2573,2575,329
2574,2576,212
2575,2577,432
2576,2578,238
2577,2579,378
2578,2580,284
2579,2581,368
2580,2582,213
2581,2583,393
2582,2584,394
2583,2585,377
2584,2586,746
2585,2587,192
2586,2588,1221
2587,2589,553
2588,2590,392
2589,2591,525
2590,2592,419
2591,2593,545
2592,2594,550
2593,2595,442
2594,2596,755
2595,2597,676
2596,2598,425
2597,2599,338
2598,2600,477
2599,2601,597
2600,2602,563
2601,2603,601
2602,2604,941
2603,2605,686
2604,2606,460
2605,2607,470
2606,2608,378
2607,2609,795
2608,2610,1434
2609,2611,1275
2610,2612,1140
2611,2613,1492
2612,2614,1055
2613,2615,1210
2614,2616,490
2615,2617,882
2616,2618,892
2617,2619,1383
2618,2620,857
2619,2621,1028
2620,2622,855
2621,2623,943
2622,2624,724
2623,2625,1064
2624,2626,920
2625,2627,714
2626,2628,734
2627,2629,515
2628,2630,661
2629,2631,561
2630,2632,589
2631,2633,1151
2632,2634,1067
2633,2635,1149
2634,2636,680
2635,2637,370
2636,2638,400
2637,2639,396
2638,2640,481
2639,2641,464
2640,2642,496
2641,2643,831
2642,2644,1138
2643,2645,867
2644,2646,691
2645,2647,954
2646,2648,920
2647,2649,672
2648,2650,677
2649,2651,359
2650,2652,477
2651,2653,1330
2652,2654,1336
2653,2655,346
2654,2656,421
2655,2657,583
2656,2658,969
2657,2659,748
2658,2660,780
2659,2661,736
2660,2662,755
2661,2663,676
2662,2664,641
2663,2665,1385
2664,2666,1381
2665,2667,1016
2666,2668,1493
2667,2669,693
2668,2670,676
2669,2671,590
2670,2672,477
2671,2673,644
2672,2674,474
2673,2675,578
2674,2676,562
2675,2677,483
2676,2678,774
2677,2679,554
2678,2680,653
2679,2681,675
2680,2682,613
2681,2683,184
2682,2684,223
2683,2685,260
2684,2686,239
2685,2687,232
2686,2688,185
2687,2689,394
2688,2690,1034
2689,2691,455
2690,2692,753
2691,2693,415
2692,2694,1302
2693,2695,800
2694,2696,1091
2695,2697,394
2696,2698,420
2697,2699,565
2698,2700,366
2699,2701,473
2700,2702,393
2701,2703,269
2702,2704,250
2703,2705,653
2704,2706,652
2705,2707,579
2706,2708,322
2707,2709,774
2708,2710,1204
2709,2711,611
2710,2712,810
2711,2713,823
2712,2714,961
2713,2715,644
2714,2716,717
2715,2717,739
2716,2718,776
2717,2719,719
2718,2720,717
2719,2721,648
2720,2722,659
2721,2723,258
2722,2724,302
2723,2725,1133
2724,2726,358
2725,2727,402
2726,2728,284
2727,2729,336
2728,2730,408
2729,2731,321
2730,2732,393
2731,2733,299
2732,2734,304
2733,2735,278
2734,2736,470
2735,2737,529
2736,2738,932
2737,2739,1074
2738,2740,1123
2739,2741,649
2740,2742,657
2741,2743,621
2742,2744,1090
2743,2745,1308
2744,2746,684
2745,2747,516
2746,2748,801
2747,2749,695
2748,2750,612
2749,2751,623
2750,2752,732
2751,2753,970
2752,2754,775
2753,2755,832
2754,2756,635
2755,2757,825
2756,2758,609
2757,2759,400
2758,2760,562
2759,2761,478
2760,2762,597
2761,2763,576
2762,2764,504
2763,2765,572
2764,2766,457
2765,2767,427
2766,2768,402
2767,2769,572
2768,2770,469
2769,2771,411
2770,2772,665
2771,2773,443
2772,2774,490
2773,2775,949
2774,2776,589
2775,2777,572
2776,2778,424
2777,2779,516
2778,2780,554
2779,2781,531
2780,2782,513
2781,2783,618
2782,2784,522
2783,2785,610
2784,2786,480
2785,2787,417
2786,2788,229
2787,2789,453
2788,2790,254
2789,2791,330
2790,2792,240
2791,2793,232
2792,2794,330
2793,2795,295
2794,2796,453
2795,2797,264
2796,2798,255
2797,2799,471
2798,2800,287
2799,2801,510
2800,2802,366
2801,2803,527
2802,2804,544
2803,2805,655
2804,2806,736
2805,2807,814
2806,2808,302
2807,2809,278
2808,2810,231
2809,2811,254
2810,2812,285
2811,2813,1295
2812,2814,1267
2813,2815,1205
2814,2816,1104
2815,2817,198
2816,2818,957
